<?xml version="1.0" encoding="UTF-8"?>
<project-private xmlns="http://www.netbeans.org/ns/project-private/1">
    <editor-bookmarks xmlns="http://www.netbeans.org/ns/editor-bookmarks/2" lastBookmarkId="0"/>
    <open-files xmlns="http://www.netbeans.org/ns/projectui-open-files/2">
        <group>
            <file>file:/home/gabrielsbu/Documentos/VeV/ProjectVeV/SRC/src/view/CadastrarFunc.java</file>
            <file>file:/home/gabrielsbu/Documentos/VeV/ProjectVeV/SRC/src/view/CadastrarRem.java</file>
            <file>file:/home/gabrielsbu/Documentos/VeV/ProjectVeV/SRC/test/testes/testeUnidade.java</file>
            <file>file:/home/gabrielsbu/Documentos/VeV/ProjectVeV/SRC/src/view/Principal.java</file>
            <file>file:/home/gabrielsbu/Documentos/VeV/ProjectVeV/SRC/src/VeV/Veri.java</file>
            <file>file:/home/gabrielsbu/Documentos/VeV/ProjectVeV/SRC/src/view/AdicionarRemedio.java</file>
            <file>file:/home/gabrielsbu/Documentos/VeV/ProjectVeV/SRC/src/model/Funcionario.java</file>
            <file>file:/home/gabrielsbu/Documentos/VeV/ProjectVeV/SRC/src/view/RemoverFunc.java</file>
            <file>file:/home/gabrielsbu/Documentos/VeV/ProjectVeV/SRC/src/DAO/FuncionarioDAO.java</file>
            <file>file:/home/gabrielsbu/Documentos/VeV/ProjectVeV/SRC/src/view/Info.java</file>
        </group>
    </open-files>
</project-private>
